Metal Gear Solid 1,1999,15.99,MGS is an action-adventure stealth video game developed by Konami Computer Entertainment Japan and first published by Konami for the PlayStation in 1998.,http://www.mogelpower.de/images/games/2/8771/cov/lightbox/001.jpg
Metal Gear Solid 2,2001,15.99,MGS2 is an action-adventure stealth video game developed by Konami Computer Entertainment Japan and first published by Konami for the PlayStation 2 in 2001.,https://upload.wikimedia.org/wikipedia/en/thumb/6/6a/Metalgear2boxart.jpg/250px-Metalgear2boxart 
Metal Gear Solid 3,2004,15.99,MGS3 is an action-adventure stealth video game developed by Konami Computer Entertainment Japan and first published by Konami for the PlayStation 2 in 2004,https://upload.wikimedia.org/wikipedia/en/thumb/b/b3/Mgs3box.jpg/250px-Mgs3box.jpg
Metal Gear Solid 4,2008,24.99,MGS4 is an action-adventure stealth video game developed by Konami Computer Entertainment Japan and first published by Konami for the PlayStation 3 in 2008.,https://upload.wikimedia.org/wikipedia/en/thumb/4/4b/Mgs4us_cover_small.jpg/250px-Mgs4us_cover_small.jpg
Metal Gear Solid 5,2015,44.99,"MGS5 is an action-adventure stealth video game developed by Konami Computer Entertainment Japan and first published by Konami for the PlayStation 4, Xbox One and PC in 2015",https://upload.wikimedia.org/wikipedia/en/thumb/8/8f/Metal_Gear_Solid_V_The_Phantom_Pain_cover.png/250px-Metal_Gear_Solid_V_The_Phantom_Pain_cover.png
Infamous 1,2009,15.99,Infamous is a 2009 action-adventure video game developed by Sucker Punch Productions and published by Sony Computer Entertainment for the PlayStation 3.,https://upload.wikimedia.org/wikipedia/en/2/2b/Infamous-cover.jpg
Infamous 2,2011,15.99,"Infamous 2 is a 2011 action-adventure, open world video game developed by Sucker Punch Productions and published by Sony Computer Entertainment for the PlayStation 3",https://upload.wikimedia.org/wikipedia/en/thumb/d/db/Infamous_2.png/250px-Infamous_2.png
Infamous: Second Son,2014,44.99,"Infamous Second Son is an open world, action-adventure video game developed by Sucker Punch Productions and published by Sony Computer Entertainment for the PlayStation 4.",https://upload.wikimedia.org/wikipedia/en/thumb/3/34/Infamous_second_son_boxart.jpg/250px-Infamous_second_son_boxart.jpg
Quantum Break,2016,59.99,"Quantum Break is an action-adventure science fiction third-person shooter video game developed by Remedy Entertainment and published by Microsoft Studios, released for Microsoft Windows and Xbox One",https://upload.wikimedia.org/wikipedia/en/thumb/d/d9/Quantum_Break_cover.jpg/250px-Quantum_Break_cover.jpg
Uncharted: Drakes Deception,2007,15.99,"'Uncharted: Drake`s Fortune is a 2007 action-adventure platform video game developed by Naughty Dog, and published by Sony Computer Entertainment for PlayStation 3.",https://upload.wikimedia.org/wikipedia/en/thumb/5/5b/Uncharted_Drake%27s_Fortune.jpg/250px-Uncharted_Drake%27s_Fortune.jpg
Uncharted 2: Among Theives ,2009,15.99,Uncharted 2: Among Thieves is a 2009 action-adventure third-person shooter platform video game developed by Naughty Dog and published by Sony Computer Entertainment for the PlayStation 3,https://upload.wikimedia.org/wikipedia/en/thumb/7/7b/Uncharted_2_box_artwork.jpg/250px-Uncharted_2_box_artwork.jpg
Uncharted 3: Drake's Deception,2011,15.99,"Uncharted 3: Drake`s Deception is a 2011 action-adventure third-person shooter platform video game developed by Naughty Dog, with a story written by script-writer Amy Hennig.",https://upload.wikimedia.org/wikipedia/en/thumb/0/02/Uncharted_3_Boxart.jpg/250px-Uncharted_3_Boxart.jpg
Uncharted 4: A Thief's End,2016,59.99,Uncharted 4: A Thief`s End is an upcoming action-adventure third-person shooter platform video game developed by Naughty Dog and published by Sony Interactive Entertainment for the PlayStation 4,https://upload.wikimedia.org/wikipedia/en/thumb/1/1a/Uncharted_4_box_artwork.jpg/250px-Uncharted_4_box_artwork.jpg
The Last of Us,2013,24.99,The Last of Us is an action-adventure survival horror video game developed by Naughty Dog and published by Sony Computer Entertainment.,https://upload.wikimedia.org/wikipedia/en/thumb/4/46/Video_Game_Cover_-_The_Last_of_Us.jpg/250px-Video_Game_Cover_-_The_Last_of_Us.jpg
